Time (s),Acceleration X (m/s^2),Acceleration Y (m/s^2),Acceleration Z (m/s^2),Roll (radians),Pitch (radians),Yaw (radians)
3.0155001432286,3.4266686586845,-8.0817608374298,-2.6148574573818,-8.659124788426505e-05,-8.418729822201501e-05,0.00012663745519587004
3.0470001447247,-3.522672314297,9.1513494846644,2.7524804439335,-0.00011699714292988206,-0.00015651117397774006,2.0913424399439997e-05
3.0575001452235,3.6850795691465,-5.6651816769375,-3.0494570716318,-0.00014602278953931256,-0.0002076723205228851,0.00013553902325250003
3.0785001462209,3.5273851459284,-7.1795175118997,-2.6012435590700003,-0.00010279787911974804,-0.00012844412037492007,0.00018598040401466504
3.0995001472184,3.2535368514161,-6.5795805786967,-2.9850774478724,-8.439702833453053e-05,-0.00014033922809845206,0.0003063840890068751
3.1310001487145,-2.9107872245664,6.2631522280887,2.4922147884291,-0.0006337013171619308,-0.0006837756134367022,0.00019924829540478507
3.1415001492132,5.2904113319992,-6.0157807553017,-3.4095603051437,-0.0001223221373629306,-0.00021629468808581707,3.286770089278501e-05
3.1625001502107,5.119812091812,-6.8092594523463,-3.7551495815165,0.0001385925083045844,8.526211332005799e-05,-0.00019943071394473
3.1835001512081,3.9284096617472,-7.2223155443322,-2.9119651681466,0.0002023722866777644,0.000167994587249748,-0.00049809373337213
3.2150001527043,1.3925281117964001,7.7134495864246,1.7305881643352,0.00028335105178552443,0.0001883905164050645,-0.0014764804169764803
3.225500153203,4.5143085509282,-6.7849436079336005,-4.1631985532364,0.0001918594582867494,0.00013758842748846448,-0.0016842945548312203
3.2465001542005,5.7072783887414,-7.1868501663829,-1.3427151310193,0.0004109584471881394,0.00034829788978103446,-0.0020637822260255404
3.2675001551979,4.8651662986712,-7.2833300507799,-2.6984225874848002,-0.00011290589482361077,-8.669699033721071e-05,-0.0024192026199240956
3.2990001566941,-0.9812726283673099,8.5040461861383,5.074022299971,-0.0007012916586603111,-0.0006148613473533607,-0.002726656532674841
3.3095001571928,8.8030799904988,-5.8972170890829,-4.0009522450922,-0.0013514130018845612,-0.0012965070567328607,-0.002808118030038731
3.3305001581903,7.3593574129472,-5.9248083687102,-2.5212253615796,-0.0017777171894065712,-0.001834177819209611,-0.002730887130179366
3.3620001596864,2.142390332433,9.0800911596839,2.8721397704656,-0.0018166271176761532,-0.002208545436223901,-0.002740126391344645
3.3830001606839,2.2323635025291,7.037299412921,5.0401310206945,-0.000531495860326353,-0.0015946707389632008,-0.002134734934077395
3.3935001611826,9.1867673116953,-15.021120704594,-5.0389682450798,-0.00035911527618245795,-0.0018428170909458909,-0.0011269447694963947
3.41450016218,5.6842082014092,-6.2335822209282,-1.9793281732615,-0.000856030503036033,-0.002563628324631891,-0.00010817761489534416
3.4460001636762003,-5.4951312203241,7.9694457296969,7.2047058417167005,-0.0025165773046861334,-0.003932757788719941,0.000935810333101106
3.4670001646737,1.8125363132648,7.4390344817063,-0.9123904769164101,-0.005274375298769634,-0.006206145205157242,0.0020052805012025564
3.4775001651724002,9.0215137734144,-4.0598593905926,-3.5682027626705,-0.008270462803142635,-0.008702421552725092,0.003250548300347357
3.4985001661698,12.009530611646,-7.7743943950976,-8.4531864999947,-0.012108087732141285,-0.011922734926595343,0.003406231746092212
3.530000167666,2.2990557880044,13.371831733077,6.0644653521912,-0.012976171561674785,-0.012040247577416074,0.003802664327888337
3.5510001686634,4.4587353738827,8.9313717056172,5.5441475534488,-0.013342742069794125,-0.011647614535370544,0.004218955629651297
3.5615001691622,13.091944553586,-10.533612795155,-3.457611865726,-0.012819214987256024,-0.010603603152365143,0.005957035155542148
3.5825001701595998,7.1515833189187,-8.5914064088127,0.74551980199494,-0.011672909447989824,-0.009905870990843493,0.007175911747809399
3.6140001716558,-1.3798901003197002,7.8912835504269,5.9960954489133,-0.011355356876303015,-0.010187244068219093,0.00800920386202925
3.6350001726532,2.2006657464137,5.0915779033141,5.4418394473495,-0.01145710458698153,-0.010572201768223493,0.00903156120020885
3.645500173152,6.4359127784937,-6.8904304162749,0.27450453224900007,-0.011587715761299645,-0.010564833799981502,0.01034338224506895
3.6665001741494,1.7820553615192,-6.4376692996934,-5.0034073140916,-0.010638101889088295,-0.009875992356739001,0.01146996961905615
3.6980001756456002,6.4942296496369,12.932255117732,2.3014277015731,-0.011212114425590095,-0.010480524415658351,0.01124342692301359
3.719000176643,6.0750344033747,11.039767814158,-3.3751125770908,-0.010115739468287345,-0.009276766978691002,0.011440817608230614
3.7295001771417002,5.4557170044261,-7.8279015262555,-4.4215885993381,-0.012061398784730996,-0.010689933005941453,0.011813403164021893
3.7505001781392,11.421264933231,-7.738077226966,-1.4614107876933,-0.013115800185401547,-0.011474139238445303,0.011998319026407009
3.7820001796354,-3.6675302643057,5.9715745932108995,6.9362408075904005,-0.012391632029790297,-0.011081657617801383,0.011030909246431358
3.8030001806328,-6.9063695177265,4.9776680445891,11.059160996005,-0.012234695409981922,-0.010928174782975662,0.010890894148500998
3.8135001811315,2.297652117319,-5.9443281997934,1.0626923327361,-0.013087392965269722,-0.011881273188879462,0.010784240232847473
3.8450001826277003,9.5342594157161,8.7766989892543,1.9034959683596,-0.01199792464672587,-0.011030642646552662,0.010738392050425958
3.8660001836251,10.195659849038,9.2406582092186,-6.6445997932830005,-0.01133267224679812,-0.010984516080435268,0.010313249353711152
3.8870001846226,4.6386992285522,6.9895780191172,4.3631111207049,-0.01025094699436967,-0.010160162026679718,0.010684767311888292
3.8975001851213,3.7755251681177,-5.7096845259448,2.8792099330893004,-0.00872792684463917,-0.008673255510141068,0.010365742688398003
3.9290001866175,1.9907475370733,4.3995696361558,2.7831857767558,-0.008705216812338063,-0.008284524009843868,0.010899813873583103
3.9500001876149,-7.6508399500533,-8.0210768859499,2.2674261823426,-0.008688003124682054,-0.00804900392439709,0.010629339151592018
3.9710001886124,-11.551179293787,13.492959370729,9.980935173988101,-0.00906050882676946,-0.008524149025088154,0.011275099062687668
3.9815001891110997,16.345201997826,-11.283403824788,-13.947301898754,-0.011396443748186713,-0.010629069836230604,0.012085586350327518
4.0130001906073,-0.82579237410133,5.4652918467005,4.7520758074023,-0.012693709384931614,-0.011370885457381803,0.012751852020244718
4.0340001916047,0.60610093550799,5.6899849596147005,2.8664218803305,-0.0126578703092437,-0.011181047883964809,0.012197056117181018
4.0550001926022,2.2833870732233,6.0705261206705,3.6530436923237004,-0.01049701328665945,-0.009621151644434358,0.011950694392419147
4.0655001931009,6.4469650915736,-6.3934507605055,-0.70705838351103,-0.009172195878048099,-0.008356679448333458,0.011849068508034678
4.0970001945971,-0.4643017127778401,8.6055903187891,3.8781926838241,-0.008462135190179949,-0.007651400047509358,0.012474097773312577
4.1285001960932,10.320349827629,-6.2972510118544,-3.5384600443377,-0.008748154024097074,-0.008043729677108659,0.012053126069723696
4.139000196592,-0.79737838554048,8.826400751779,2.0010101666343,-0.009019387943247399,-0.008420623762587103,0.012261612810466066
4.1495001970907,5.1307610592241,-5.8253364214819,-3.2046785769793,-0.009511634712204309,-0.009172935448834903,0.012824071258630715
4.1810001985868,0.5317720355305802,8.3455746359828,2.3282077470523,-0.01058373481164771,-0.009886119773480403,0.01302541406154289
4.2020001995843,0.6265520174587301,4.8300341952951005,3.4296563973351,-0.01066261790414556,-0.009800624503009453,0.012845407233974105
4.212500200083,12.344716250379,-7.2907213418145,-2.8173597245091,-0.01089890339220158,-0.009783252827222895,0.012509423695847465
4.2335002010805,3.8691639921633003,-4.4579331710781,-3.5081024901215,-0.01052158690741674,-0.009552971000467576,0.01281535856620074
4.2650002025766,3.6107185582013,6.6217202385602,3.2092833838788,-0.01083796569178866,-0.009675001251555581,0.0127126158543355
4.2860002035741,-0.93683450193951,9.5376036459768,1.636087044807,-0.011263686516344231,-0.010087250875370862,0.01300871562107327
4.2965002040728,4.5969110760278005,-5.1402140051833,-2.0102647430458,-0.010885880260379847,-0.009791015315460996,0.013519506893418319
4.3175002050702,8.6711357505922,-3.7797322912956,-2.6577597559036,-0.010616601454700647,-0.009582939744671537,0.013137179950527563
4.3490002065664,6.1875039993658,8.6218886188767,1.7945744509344,-0.010751922823963537,-0.009722699815678427,0.013262203278088738
4.3700002075639,-1.0135683436924,6.6539255922517,3.4109530997556,-0.011412239373860737,-0.010296799733476678,0.013542998364775573
4.3805002080626,-0.7287957564348904,-8.4198754253879,0.05154619685661,-0.011733886705836267,-0.010588019785081393,0.013673329053556043
4.4120002095588005,-4.4956910759986,10.078618864073,5.594551368149,-0.010808275626384617,-0.009789019090102142,0.013238324036894233
4.4330002105562,5.3590387147362,12.143256693874,0.6280892456649001,-0.010154852059264818,-0.009240739573861841,0.012958988332563719
4.4435002110549,13.794119790118,-6.8633813647119,-6.0736590560696,-0.009846589664147073,-0.008962877783347402,0.01323006085169169
4.4645002120524,16.067253039744,-6.7923618496879,-5.7321537472952,-0.010185289583859029,-0.009195519501327092,0.013658697969505194
4.4960002135485,5.6420069478336,7.7360492600136,1.592316023675,-0.010488191530565929,-0.009549268644834127,0.013475439167861064
4.517000214546,3.3423096688442,8.6903211859953,2.2909893842657,-0.01069111311427097,-0.009711761423706312,0.013274363793635119
4.5275002150447,8.1852820637232,-7.8230596491954,-3.7611242214851,-0.010540052835455305,-0.009531422303346812,0.013185583688494358
4.5485002160422,7.4861466934027,-8.8986026419093,-5.1203560593731,-0.010490261103047436,-0.009395176711047388,0.013356382062421037
4.5800002175383,0.8414819696369099,6.7465886312103,0.63335048914654,-0.010587020595987632,-0.009535254165555482,0.013205383982733876
4.5905002180371,4.6013668767358,-8.8313985183662,-3.9142492511286,-0.010223881134819342,-0.009207102365345348,0.013107200846919796
4.6010002185358,-0.50430564727634,7.4923018700004,1.4799572338515001,-0.01018548422055579,-0.009249711025581177,0.01318320955389797
4.6325002200319,5.2760673327014995,-9.1008847186677,-0.09525818888877802,-0.01037514945777572,-0.009256137309000143,0.01362955742009992
4.6535002210294,8.3922141495046,-8.384042168388,-1.409734943139,-0.010626694875760866,-0.009381632163309792,0.01397497565657148
4.6640002215281005,7.9369458282187,10.677386277188,1.7423203055759,-0.0109740845324002,-0.009749999241168242,0.0141054566425806
4.6955002230243,9.7254934822139,-4.5589285892951,-4.5495948723865,-0.01072347234544565,-0.009627047022664613,0.01426917050176103
4.7165002240217,2.2348782396994,-8.4032944901457,-0.88058416865921,-0.010483206869664086,-0.009414886576570632,0.01454283661056674
4.7375002250192,5.8424364575537,-3.8320834821931,-2.2866934125608998,-0.010618471811899531,-0.009485404887725002,0.0148007292483186
4.7480002255179,0.87110670145539,8.9083761059624,3.8055614880474,-0.010880812667692391,-0.009588390593319233,0.014874168467239676
4.7795002270141005,7.0479367193569,-10.302324015685,-2.5680285155687,-0.010884557308382028,-0.009690021064626068,0.01500450157887318
4.8005002280115,5.4559983119448,-9.8758828434467,-3.4170849503214002,-0.010919178374486836,-0.00970820139534271,0.015036272619316325
4.8110002285102,1.1915923309181,7.5111385993947,2.5407855206302,-0.010726108856971886,-0.009520164320039399,0.015183447864820145
4.8320002295077,0.76408144812795,5.3515179121026,2.9022347355714,-0.01092398837536011,-0.009695172994752818,0.01528038421558587
4.8635002310039,5.9563328116187,-6.3923317329403,-3.8094722074853,-0.010732914041496315,-0.009530909628610688,0.015617781806472615
4.8845002320013,5.9283221173015,-8.07048931784,-2.098752400608,-0.01107881759120331,-0.009851671438859243,0.015819226220447097
4.8950002325,3.7545784568737,11.42618902975,4.5653394846905,-0.011167542774681445,-0.009928127355040298,0.0158562220511818
4.9160002334975,-1.5152307562841,5.4932759166817,3.0554209521683,-0.011292577583089845,-0.009973907475005653,0.016255705482383316
4.9475002349936,4.4199790520462,-7.09361387215,-2.1074070873862,-0.01097576851257941,-0.009712333420745008,0.01649339745538994
4.9580002354924,0.8764199262445501,4.7291230260068,1.6245293768622,-0.010991146709030546,-0.00971957759278216,0.01648117611976191
4.9790002364898,1.4349698388376,10.200188416132,4.4426439621459,-0.010508967544826607,-0.00936453841644303,0.016456644956458488
5.0000002374873,0.24206645867968002,9.0762129223743,4.2708571587138,-0.010652277822810342,-0.009479491809455565,0.01683369597730362
5.0315002389834,4.8908661923907,-5.7339715013413,-1.2424064746984,-0.010896537874819458,-0.00971635553229906,0.01717608729866636
5.0420002394821,3.0803785395596,8.4696353149028,2.4553968087418,-0.010675986515794118,-0.009494209579869135,0.01724122031545785
5.0630002404796,-0.63858767112025,7.6914074092227,3.0401228165278,-0.010881051146020688,-0.009714655310429315,0.01731711911073496
5.084000241477,-1.189383268669,4.9731348174537,2.1583463303029,-0.011153266243434913,-0.00991721097521221,0.017476077435937657
5.1155002429732,5.9832520369544,-6.05058248043,-2.1374658912645,-0.011407061729396553,-0.010140027485471855,0.017778067230715677
5.1260002434719,0.9823118509449299,7.4325208863145,1.8469332223919,-0.011449081156578356,-0.010162216182580652,0.017778199391737866
5.1470002444694,1.2832177781060001,10.256246902441,2.8357722199247,-0.011543400597456475,-0.010294153462887421,0.01790453488349294
5.1785002459656,9.2832350192518,-5.7630332605646,-3.7702058446668003,-0.011611190812110365,-0.0103760807334058,0.018231885304634213
5.1890002464643,-1.7109129087372998,2.0464724149899,2.2582384658295,-0.01166556192601406,-0.010333302173348146,0.018415468243919483
5.199500246963,4.199835215327,-4.3790174744559,-1.5287727493947,-0.011912783646867875,-0.01052763021279441,0.018704523329980578
5.2310002484592,0.5162633489384598,9.0151233051535,3.4150570137861,-0.012140175767188436,-0.010681805028087561,0.018720512431042582
5.2625002499553,4.6662533615768,-11.056710516444,-3.4941192078507,-0.01225982862616966,-0.010682912427543002,0.018933257369557973
5.2730002504541,-1.8131892839236001,5.9264279096422,1.1977974630352,-0.012433135257375544,-0.010825334373803027,0.019241129502187954
5.2835002509528,7.0003858606528,-9.0017137602014,-3.5764819534757,-0.012177607931187618,-0.010635075727693987,0.019544546202046598
5.315000252449,-1.4385765143704001,8.2468088632386,4.9899555852403,-0.012020726592174638,-0.010560860413431333,0.019892126694673284
5.3465002539451,4.83439114145,-6.0230954478055,-3.1998578814415,-0.011883494586777838,-0.010450109655024882,0.020231222785894207
5.3570002544438005,-1.7546007584693002,6.4415704255474004,4.4945940999763,-0.011617499207595363,-0.010288859658777513,0.020489869047309348
5.3675002549426,9.1304343535774,-5.4913988183397,-3.6667888727709004,-0.011473064975724652,-0.010147857662031542,0.020811263656794424
5.3990002564387,-1.6129226079428,3.7350237222718,4.0841054190707,-0.011436815544146606,-0.010157451867408877,0.021092261639486694
5.4305002579349,5.9743751072281,-5.7508548705675,-4.7240816791871,-0.011503980666834045,-0.010264618643704601,0.021459342893862202
5.4410002584336,-1.7558812322644002,3.8576912148072,3.1245963529227,-0.01166557620717605,-0.010448115311045942,0.02169292903862795
5.4620002594311,-1.8368929402037,7.64967963568,2.0495375191742,-0.011981501436016255,-0.010622044140014062,0.021780472867895976
5.4830002604285,-1.4701069957712,4.4817544982033,2.9037452881174,-0.012193483807499315,-0.010829238349637647,0.0220201905953382
5.5145002619247,3.5533646119966997,-3.2885843272005,-1.9488500851804,-0.01217262496654199,-0.01083970376485458,0.022387246148838517
5.5250002624234,-0.99087699806948,7.0878857659926,2.7731545094708,-0.012290553401546,-0.01101566288163701,0.022592774890452923
5.5460002634209005,0.79013768676329,6.931032535958,1.6653182224805003,-0.012322127187746963,-0.01093786266668674,0.02260527321762775
5.5670002644183,0.40443156202649,4.4024555657255,0.9194344025301101,-0.012331763392530578,-0.010993898096769721,0.022814129104931483
5.5985002659145,6.7362960826646,-5.0056903008021,-2.7853602560924,-0.012269852811705994,-0.010941503881115726,0.023006087210302274
5.6090002664132,-0.60817012858694,8.7245650474149,2.6032956994478003,-0.012291088395532184,-0.01100885784199815,0.023309876682695855
5.630000267410701,-1.8733979035291002,8.9731735690506,4.4286483505963,-0.01224066734703337,-0.010941428658286916,0.023482206548343897
5.6510002684081,0.6188384512993002,6.7444184314201,2.5332833761697,-0.01226002224024591,-0.010945923019940565,0.02357602416981895
5.6825002699043,4.7247952639266,-3.7919132089978,-1.1468952039942,-0.012297148957766773,-0.010954997696051105,0.023918713581361512
5.693000270403,-1.9646944212215,8.2275872799014,3.8100769609756,-0.012338844475651234,-0.010941991503820836,0.023981952599642132
5.7140002714004,0.8041656646722299,5.6568897638105,1.8775240381172,-0.012463173117048018,-0.011049223182815406,0.02422468711614268
5.7455002728966,4.5727669894694,-8.3540713084548,-3.9197266456096003,-0.013068199681846969,-0.011565853994166255,0.024695834737961594
5.7665002738941,7.1351716244317,-7.5905536327461,-2.4508461398914,-0.013155007073692174,-0.011619574568914675,0.02510742883517158
5.7770002743928,-2.7167660920499,7.9655221724987,1.3894007104052002,-0.013473865992595544,-0.011832524126188486,0.02529328739059613
5.7980002753902,0.0023190113378986003,8.0863857160475,3.1930197194507,-0.013530610605735684,-0.011883752626722135,0.0253811004370932
5.8295002768864,7.2845300467318,-8.8581188248356,-4.002294942298,-0.013489952115327981,-0.01179011965990154,0.025673750320383444
5.8505002778838,3.3295915675631003,-6.6613830252412995,-2.8803833996656,-0.01370362897907011,-0.011956386861857009,0.02603812850668271
5.8610002783826,-1.0442237715385,6.3808662109109004,3.0850614332436,-0.013670438193585998,-0.011897138481649024,0.026084432257468926
5.88200027938,-0.009725716908995702,6.2338685861503,1.7231700899284,-0.013557056516719257,-0.011745859114260664,0.026232416609569383
5.9135002808762,4.5183490061759,-6.5711251123446,-3.1786362575842,-0.013495887291955742,-0.01172121140672975,0.026593156181181594
5.9345002818736,5.6636439177925,-8.9480444285867,-2.4093285306439,-0.013383543764538252,-0.011605291007604409,0.027084431418262375
5.9450002823723,-0.29333116772350004,7.3765481077157,2.5119243227742,-0.013239157580230617,-0.011464770319746414,0.027255096520797405
5.9660002833698,-2.7020836274492,2.4543965380531,3.5734143632332,-0.013356163591614196,-0.011577936594900345,0.027395878051719114
5.997500284866,9.234225495127,0.36352965095133,-3.035477541562,-0.013206999506943436,-0.01146878927584921,0.027748299445312513
6.0185002858634,6.9515971967812,-7.3644343701511,-2.8266054418977,-0.01345082361599955,-0.01156309041142141,0.027878528171512273
6.0290002863621,-1.6759007545715003,7.0906243949063,2.2298190031714,-0.013298246915165195,-0.011420207692818835,0.027970906103705787
6.0500002873596,-4.0998054870304,9.2736738471381,4.0030089909,-0.013562757460131,-0.01162295988316656,0.02792610257998898
6.0815002888558,6.8021764077419,-8.8307395640289,-3.4943614327584003,-0.013590505579670351,-0.0116299770996633,0.02825977888882675
6.1025002898532,7.6392686875336,-9.6443008348364,-4.7494106219206,-0.01385039897147103,-0.011843984083596189,0.028658374803717815
6.1130002903519,-2.475993199635,4.7455471567564,2.3812977570533,-0.014023533611838675,-0.011925689980287474,0.028901720533301686
6.1340002913494,-4.351345746774,9.6233350012264,3.8778004572636,-0.014126104462220445,-0.01197985896652073,0.028976034417055065
6.1655002928455005,7.7256164191719,-6.3605584129606,-3.6714458918387,-0.014176426216014835,-0.012011393233395524,0.0292418226783379
6.186500293843,5.6267755030583,-8.0089027033246,-3.3360420688557,-0.0144718522069905,-0.012226719479902814,0.02960179634458115
6.1970002943417,-1.6532202342135003,5.3132075891523005,2.1660094058529,-0.014662598750285999,-0.012332421342934444,0.029659531438096246
6.2285002958379,3.2197131446788,-4.2714745746795,-0.6720537423341902,-0.014554521210456358,-0.012249412019713649,0.030177558269467396
6.2495002968353,6.0315691813729,-3.6670138408609,-2.6433644779103,-0.014351638789991999,-0.012093058115756594,0.03047932985186913
6.2705002978328,5.4974137247066,-8.1634511823274,-3.1678058021446,-0.01429709740840709,-0.012036644150879563,0.03090315520965385
6.2810002983315,-1.5714385808962998,5.524804272284101,1.8764078114203002,-0.014299226851213381,-0.01201746199258053,0.03098492819312569
6.3125002998277004,2.6888422983437,-7.460904908851,-1.9112805650501998,-0.014300091598534818,-0.011997971783241084,0.031472316465971255
6.3335003008251,2.7916578486825,-6.5789939243246,-1.9718088221425,-0.014237475123192274,-0.011951549934247529,0.03191763535922756
6.3545003018226005,7.7726765233479,-6.6586267461244,-3.4345419861813,-0.014281382009350746,-0.011998713193300677,0.03226631751944134
6.3650003023213,0.48204708765743004,6.7388371699373995,1.4874071749379,-0.014421809416684996,-0.012106572768769397,0.03241153270155899
6.3965003038174,4.2677835370789,-4.1411295342956,-1.8481147766730002,-0.014635760520367736,-0.012260590022338551,0.03254863926514138
6.4175003048149,3.0803002479406,-7.2900214670222,-1.9791866269514,-0.014667430503303916,-0.012244094004052391,0.0330155016599502
6.4385003058123,3.3198241056626,-6.7133262964983,-2.5742869661848,-0.014565657775749091,-0.012204103300962858,0.033485932726826075
6.4490003063111,-3.1879964501939,10.967228324714,3.7539250056505002,-0.014428636802048285,-0.012135519867140359,0.03370415245655153
6.4805003078072,4.6119721316664,-6.3697376033198,-2.7524623645962,-0.014432006143447175,-0.012088696358321552,0.03410519818944742
6.5015003088047,6.3093070813575,-9.3655056165387,-3.9698749606178003,-0.014510831666062625,-0.01212775834172154,0.03429500236905843
6.5120003093034,-1.2899206412933002,7.8314753438351,2.5607550675975004,-0.01459355071276973,-0.01218822760633074,0.03433761253911185
6.5330003103008,-3.1581921261276,7.2636402061919,3.3381396939845,-0.0146910051671209,-0.012223842877411328,0.03456488001078281
6.5645003117969996,4.9007780920213,-10.562661554402,-4.1191126620888,-0.014655104511098152,-0.01221526350639504,0.0349950877912677
6.5855003127945,4.9578066204104,-5.4434288337188,-2.9551381885976,-0.014690020775637257,-0.012278390707540485,0.03532111889201585
6.5960003132932,-1.2677686324879,9.9155040660336,4.1231716343549,-0.014772296893764952,-0.012366338240243779,0.03541212872287466
6.6170003142906,-1.9611985487274,6.4163534952209,3.2866418516034,-0.014737807373038017,-0.01226723186345791,0.035586613982788236
6.6485003157868,5.7626507279196,-5.8299854854579,-4.1849030960316,-0.014644762576227653,-0.012169885986924405,0.035849432885993925
6.6695003167843,7.5664147667387,-10.304368015198,-2.7063520951746,-0.01461123793350663,-0.012132608972495055,0.03615824943109977
6.6800003172830005,-0.83927695939365,3.527352093399,2.2442366879754,-0.014660548713659509,-0.01217699730420684,0.036366692599278966
6.7010003182804,-4.9514915214485,11.079669039972,4.0467282965207,-0.014672656167948437,-0.012198716291982348,0.03659196787146549
6.7325003197766,4.2221958912373,-9.7884354682499,-3.4319909571237,-0.014752352566119427,-0.012257320839166252,0.0370413911564599
6.7430003202753,-1.5063225450308,4.4736095633225,1.4163423634768,-0.014886515997699187,-0.012366595113207523,0.037244250231826675
6.7640003212728,0.5118654951645901,5.0246930988185,1.4333018184654,-0.015070077497515202,-0.012512914316536257,0.03731406196956083
6.7955003227689,3.0427557959856,-4.490158389266,-1.3442695032524001,-0.015154102606651548,-0.01254378884369644,0.037630252244837736
6.8165003237664,0.4668649847207101,-4.6324858319816,-2.0103949691746,-0.015127478669404082,-0.012460944793791558,0.03789952288193233
6.8270003242651,-4.6105622920778,8.490104527598,2.708006835882,-0.015067517554103262,-0.012371173355872688,0.03801243151343521
6.8480003252625,-0.7302319021395002,8.4225496950485,3.2692259569556,-0.014972152361167968,-0.012283867599920003,0.03818341966750391
6.8795003267587,5.7780999808216,-6.2316359470107,-2.4817586283772,-0.014826869494449328,-0.012201890797097109,0.038609610498762346
6.9005003277562,5.5683980690542,-9.5793892097991,-4.2267847834725,-0.014640226081835224,-0.012091139182258454,0.039010113541593346
6.9110003282549,-0.47087487081180013,3.8495894026665,1.3879247608321001,-0.01453401311668629,-0.012053517243373666,0.03921461662121303
6.9320003292523,-0.6028615536208202,3.9932842700988003,3.357909985039,-0.014572123910704478,-0.012096346657442426,0.03950039037411352
6.9635003307485,3.4950803491752,-8.9817570796283,-1.5645294906230003,-0.014711799211810669,-0.012172525031394252,0.04000254356806697
6.9845003317459,1.3936970702474,-6.6455175370102,-1.7774553404651,-0.01486552315436821,-0.012231913952339012,0.04039409154493756
6.9950003322447,-5.1475495215784,9.1575469804387,3.1768848498507,-0.015010445796882184,-0.01227398166206726,0.04055702030354095
7.0160003332421,-4.8426742873582,11.028113322275,3.5762466544755003,-0.015102273899201874,-0.012262238737547457,0.04065581715396544
7.0475003347383,4.9780456220107006,0.18311261793893,-0.8274386480487,-0.01514956418501117,-0.012249725710712296,0.040682596658606206
7.0685003357357,6.5272772375751,-1.8994142800984002,-1.6957040564799004,-0.015146128032817953,-0.012191815480943436,0.040811320852289446
7.0790003362345,0.5892995622390401,11.156329251387,3.768860297887,-0.015179039604565151,-0.012185844389237784,0.04083239437658018
7.1000003372319,1.1464921322135,5.4210150016313,1.8982914787774001,-0.015155295741140525,-0.012132294509068924,0.040977328654500204
7.1315003387281,5.9397858593366,-12.492501685272,-5.5036755594657,-0.015097730846438305,-0.01204893336365921,0.0414533131958766
7.1420003392268,-1.1037594083861,0.6611708974333402,-1.1215086908171,-0.01504202530871118,-0.011983855060056635,0.041823111677406044
7.1630003402242,-1.9175489273138,-1.1452780542318,-2.2732520567759,-0.014971900469190556,-0.01189708079530206,0.04217668371971139
7.1840003412217,-2.2183288452572,-0.6610837994036001,-2.8847217058463,-0.014990818118253266,-0.011897818830052986,0.04249734757510442
7.2155003427179,4.6484989324373,-12.591719443351,-7.8750810503687,-0.0150574644859563,-0.011947656576415989,0.04292502864761429
7.2260003432166,-1.2635397728052,1.1749421127094,-2.4652443393589,-0.015106348332682294,-0.012002784184066608,0.043183637802386717
7.247000344214,-1.2183476944338,2.2626618241546,-1.7821724880978,-0.015156763157715544,-0.012048557980430027,0.04341229672875262
7.2785003457102,6.0616206321289,-10.690895081532,-6.6417849857391005,-0.015139716910658003,-0.012036179205188293,0.0438374739417326
7.2995003467076,6.9680705884735,-9.2509112957569,-6.5285805821919,-0.01513259587178173,-0.012043671045173544,0.044239306265523595
7.3100003472064,0.4451079395620501,4.6517533967077,-1.0522115987807,-0.015140501441808745,-0.01205887714352633,0.044457236370895575
7.3310003482038,0.8931640563796902,5.0132361552075,-1.2231999872536,-0.015165535377163187,-0.01209113453436057,0.044635797461519994
7.3625003497,6.0024828376904,-7.5220473816031,-6.2629602050931,-0.015204041184303695,-0.01213555269882692,0.0449861176029192
7.3835003506974,4.773821211591001,-6.3535620739808,-5.8775399895172,-0.015209317677283498,-0.012127894353200313,0.04532629659789275
7.3940003511962,-2.3625641865782,8.1134709552792,-0.15311411452568002,-0.015209112470185603,-0.012107048085089209,0.04549652045046732
7.4150003521936,-4.5930470903846,9.1422159579334,0.11067810429300001,-0.015164413681665701,-0.012037144252805769,0.045700017002517364
7.4465003536898005,-0.6490040579442001,-3.2975725157842,-4.3897427059548,-0.015151386086129775,-0.011973965615935118,0.04615895283355576
7.4675003546872,-0.93826769714902,-4.4494928979758,-3.8413809453725998,-0.015176298252158995,-0.011908510061461723,0.046732831575486564
7.4780003551859,-7.3213892820564,7.9810815007894,2.1250958651583,-0.015194870484988661,-0.011841269551285748,0.04714984369003569
7.4990003561834,-6.0358434047722,4.2789073796797,2.5423789742759,-0.015246024222658956,-0.011775860168622148,0.047560002489141405
7.5305003576796,3.7526208975700004,-10.676249534342,-1.5471986629115002,-0.015324011358750706,-0.01173321016796734,0.04802596525592816
7.551500358677,4.8806858987131,-9.4624727740613,-0.92823698846412,-0.015432396400976647,-0.011729764738496828,0.048438941928808786
7.5620003591757,-1.6300479594939001,5.7420581545572,5.065236955512,-0.015535254625093357,-0.011743103721848554,0.04859889413783047
7.5830003601732,-0.9046815544057801,7.0499910529722,4.5000679572711,-0.015564732682638522,-0.011741697102366676,0.0486798624280747
7.6145003616693,7.648084623343101,-8.1570316780362,-2.9663772767966,-0.015520343698235042,-0.011709074248586965,0.048878801255783116
7.6355003626668,6.9838522694296,-7.1866468026905,-3.7478900976257004,-0.015463106762951121,-0.011681608014460488,0.049110416369013456
7.6460003631655,-1.1983798859118,9.0782545679129,2.1142051231555,-0.015403920176515231,-0.011657086466148407,0.04916557802103803
7.667000364163,-4.1482240894182,12.104080162978,2.9497403689656,-0.015403530370593936,-0.01166995372240469,0.04925792501437278
7.6985003656591005,0.99512622655624,-3.455173958825,-1.5475848335445002,-0.015465264492912845,-0.011710896419530945,0.04969517640801823
7.7195003666566,2.0249277128289,-9.514783790286799,-2.4890498006264,-0.01556518470514414,-0.01180201876333726,0.05025416205255253
7.7300003671553,-3.2358020709375,1.0276366139876,2.0592249200757,-0.01567744870117611,-0.011894732165712836,0.05065057599908589
7.7510003681527,0.2753879932476502,-0.04047974891255601,0.12280970798508002,-0.015661936530237383,-0.011888532851643811,0.05107342543191154
7.7825003696489,7.7313947201323,-7.2374106542937,-4.3487161893047,-0.015702155672955756,-0.011947122306557442,0.05151263536517301
7.8035003706464,3.8629276094598,1.6023743048977,-1.9848520858214997,-0.015539854598727731,-0.011836120948279351,0.05182262347149012
7.8140003711451005,-2.5505106006968,16.402913501244,3.5999844349381003,-0.015532415501168151,-0.011841742946870466,0.05189217823725249
7.8455003726413,4.4098646396105,-7.0155640546003,-3.5680558476392,-0.015419437648857656,-0.011684077634609722,0.05221831743927115
7.8665003736387,3.4011716421931,-11.679574897399,-4.4876374679145,-0.015309291610625097,-0.011534208668269142,0.05260486699883384
7.8875003746361,4.1734658690272,-11.918721566185,-2.8198497168162002,-0.015237578661416892,-0.011418161610084812,0.05310768134340564
7.8980003751349,-0.9287293496711201,4.5368639360146,3.0611406996367,-0.015094133010657457,-0.011287652731006152,0.05334462940049932
7.929500376631,1.8733887721601001,-0.35126359604975005,0.40201810359687007,-0.015071596873820436,-0.011289891292685789,0.05368834206139424
7.9505003776285,2.5397774624677,-4.9141394631699,-1.642516000444,-0.01520588004012674,-0.011421170251189643,0.05393005127662759
7.9715003786259,3.992758139699,-8.0516210688984,-4.2569798112185,-0.015398471523857845,-0.01158152651412873,0.05422041984824018
7.9820003791247,-2.2075523630248,3.657434163135,0.58725717615663,-0.015515265672468035,-0.011678433465686004,0.05441192318083443
8.0135003806208,7.8220396373108,-8.925571968514,-5.0944991817357,-0.015529747040409932,-0.011679572459038366,0.05494483753357563
8.045000382117,-2.8308297686791004,14.049540798136,4.3190019643154,-0.015400719529753453,-0.01153878518231289,0.055136197817899704
8.0555003826157,4.2497428884895,-2.6200325482763,-0.8638552197888502,-0.015337466571538253,-0.011466305411490465,0.05544086709322513
8.0660003831144,-2.6369966240909,8.9724512023169,4.0607374228813,-0.015397408683439239,-0.01146210317435077,0.05539889877453485
8.0975003846106,3.8581165019453,-13.510624530044,-4.4296554135009,-0.015273542164106934,-0.01132659358418872,0.05584476297257189
8.1290003861068,-7.904869080277,14.204867335732,6.9802228123529,-0.015303694073777572,-0.01135151582827873,0.056050103110259666
8.1395003866055,-0.51727206413349,-2.5600093447062,0.3328207535235201,-0.015486996662599147,-0.01153339576184144,0.056433674599041334
8.1500003871042,-5.5174494138528996,6.1480524327711,4.1954156600498,-0.015629003035122737,-0.011663576896990161,0.05656928182952899
8.1815003886004,7.8176228251414,-8.8330138289229,-6.5315239253674,-0.015694534083237413,-0.011733632945188947,0.056837741298780206
8.2025003895978,4.1018194850202,-5.7202859174544,-4.8665870213785,-0.015790946804330862,-0.011796604187666256,0.05732989705252713
8.2130003900966,-3.1342844124049,7.6071653679203,1.2472794386844002,-0.015841218873274016,-0.011787431596627278,0.05761734861928834
8.234000391094,-1.5401627965619,8.2530077803115,4.8816961809689,-0.015840361735688365,-0.011730809537294083,0.05774805254547726
8.2655003925902,5.1588588207403,-11.72089462854,-3.8799344500256003,-0.0156709285557506,-0.011566061830678072,0.05803968567477906
8.2760003930889,-1.7492681598813,2.2717361613788,0.8810394982125102,-0.01555204179865634,-0.011457854842063502,0.05829682850029158
8.2970003940864,-6.8490633851776,14.969003785927,6.7448313346265,-0.015509140872611278,-0.011429425075125225,0.05846958875629245
8.3285003955825,4.3258014703559,-13.615447816677,-4.0010577973016,-0.015607022063784884,-0.011536460511032425,0.058908560004320126
8.34950039658,7.4422483374790005,-5.842996420408101,-6.4491215891952,-0.015680856253928368,-0.01162615644157651,0.05915907052008337
8.3600003970787,-1.9853273299396998,12.496874261609,-0.20583526971235003,-0.015652198195687812,-0.011582609922488113,0.059324459461150884
8.3810003980761,-2.3681378984972,4.4239412020226,2.8578379049274,-0.01569685133028641,-0.011547451012234155,0.05961578618484274
8.4125003995723,6.4096321714157,-6.4192676764427,-1.9697975870657,-0.015577984794928801,-0.01143190201710812,0.05977107916562996
8.4335004005698,1.3593530557794,-7.1215578119478,-3.005428770955,-0.015337585354712316,-0.011222389700535575,0.060185441306349986
8.4440004010685,-6.5929700591961,11.217556455485001,5.0877861053413,-0.015296509929908495,-0.011193224750982016,0.06048826661751966
8.4650004020659,-6.050058971744,5.360186989671,4.8105940238875,-0.01553121065665964,-0.011427288053899146,0.0608139308749855
8.4965004035621,5.9970623937034,-2.1454936855948,-5.9511620472897,-0.015717630404020265,-0.011565113725637852,0.061010182047471676
8.5175004045595,2.5168083479811,-6.6602465662333,-3.0044226778719,-0.01590405178325769,-0.011605767366006282,0.06149903800892623
8.5280004050583,-1.7080323995262998,1.4122446877454,2.8708528383056002,-0.01600049054282424,-0.011588312605207535,0.06175789693785063
8.5490004060557,0.60078220506142,7.879965886504801,3.7379278540123,-0.01586466293228552,-0.01146358905449716,0.06178490814677429
8.5805004075519,0.9164811109548701,-4.3680964433686,-1.2414257906054,-0.015713915710874785,-0.011360949157649465,0.062227717902798046
8.6015004085493,2.3123138983129,-8.520968497839,-1.3254388819166,-0.01582130073312374,-0.01148843647336516,0.06272249809009423
8.6120004090481,-2.7057105268118997,0.7529597611101401,1.0607899068861,-0.01590144083203984,-0.01160786849684238,0.06292662768655516
8.6330004100455,-0.86923133563566,14.407011415828,0.18574736831861002,-0.01593658140772685,-0.011643882527612273,0.06289859557892324
8.6645004115417,6.6986425547486,-14.248187581866,-2.4451820353175,-0.01592459793198171,-0.011558485393566837,0.06332043632449177
8.6855004125391,4.2979846517122,-3.7903556719215,-2.0598915877135,-0.015779887581117615,-0.011452668163729517,0.06347103124259693
8.696000413037801,-5.240549487801,7.725208312365,2.4310754919829,-0.015634696116286775,-0.011360960975908937,0.06357435856800042
8.7170004140353,-4.4589944061554,7.9220000970391,5.303896583661,-0.015628201635379476,-0.011375651141184188,0.06385419017120761
8.7485004155315,5.4957735842785,-8.4119293846849,-6.1236331830924,-0.015772004367718112,-0.011517336529388453,0.06413579235531844
8.7590004160302,-2.2459209417904002,14.932479452871,1.7320882191019,-0.015893738701466688,-0.011580146342367073,0.06411677320845889
8.7800004170276,-1.8240536031496002,1.1972671737989,2.6992219176401004,-0.015925636501964748,-0.011500814681901178,0.06439421046572001
8.801000418025101,0.18842862359918003,8.9989884253716,3.5759264591353,-0.015880523598763623,-0.011470596272727058,0.06440166660928873
8.8325004195212,2.0837447480480003,-8.5285490354896,-1.6692083008671998,-0.015876276803036136,-0.011475167177684412,0.06487753600505362
8.843000420020001,-3.6799251625107003,8.758616418286401,3.9754262518225,-0.01598883599993251,-0.011603018025432317,0.06515153014559087
8.8640004210174,-2.0755587776206,3.2090431458682,-0.73731216334831,-0.016127704704379613,-0.011728546764803132,0.06523363730576903
8.8955004225136,4.7591943788252,-11.216197441648,-2.3503493050873,-0.01610552495014863,-0.011624008149346002,0.06569400235186315
8.916500423511,5.7958058935053005,-4.9931751475241,-2.1562670082175,-0.015914495167022473,-0.011467722231157242,0.06581307600290442
8.9270004240097,-5.2754960260286,12.655819091843,3.9986408727885,-0.015719900294259053,-0.011340475431781571,0.06585509115917897
8.9480004250072,-3.7000700742239,4.3254941510824,3.7130116813821,-0.015703408682173844,-0.011355668097835975,0.0662116995280279
8.9795004265034,3.7025967160181,-8.702367039628,-5.3086935949014,-0.01585258959274602,-0.01145440468673883,0.0664484612070994
9.0005004275008,4.7908151225999,-4.9592603838966,-1.9493154664408001,-0.01596004279202229,-0.011458847598085636,0.06679079155905342
9.0110004279995,-1.2919882911441,1.9045329085621,2.8560916252200004,-0.016043154246997253,-0.011462926031909543,0.06702725375080522
9.032000428997,-3.3160413014485,12.992245442018,3.8621796698499002,-0.01598538942269754,-0.011430405599410706,0.06701264576189027
9.0635004304931,3.9735296037519,-5.8247446151776,-2.2985882898651,-0.016027392480670782,-0.011496664507119586,0.06738295537551985
9.0845004314906,2.8406955761788004,-8.5596108348813,-4.8049696169622,-0.016055663706850895,-0.01150061680612378,0.06777557016416687
9.0950004319893,-2.4444597016701,9.0208152337783,3.0453102671135,-0.016030082836671344,-0.011434823280565356,0.06796028781225293
9.1160004329868,-1.1846900048057,2.7459076470603003,2.2059707316953,-0.016072916518510488,-0.01143359929459152,0.06818375158578228
9.1475004344829,0.08720209053128004,-5.9774328665731,-0.7041318062714702,-0.015994139869121148,-0.01138178684012924,0.06867376750271723
9.1685004354804,5.3951627630740004,-6.6617206207031,-3.8926554669349,-0.016115786774796234,-0.01151127587633685,0.06897788028216253
9.1790004359791,-1.8394250976147002,8.9720564141559,0.6237483894211001,-0.016251220655139825,-0.011630645809247045,0.06906911353092249
9.2000004369766,-2.2238222568881,7.4743187570135,4.0494947872302,-0.016257604904427094,-0.011587159893824606,0.06925870985495881
9.2315004384727,5.9070867359253,-8.8219794021771,-3.724856936865,-0.016243543634622437,-0.011556699989959743,0.06945846189794777
9.2420004389714,-4.331732216106,13.45387663936,5.2976172323198,-0.01617524091632266,-0.011502994392486133,0.0695471648532486
9.2630004399689,-3.3828987019419,2.6337047579767,1.3709926901347,-0.016184403349680694,-0.011541263316742286,0.06977895673147652
9.2840004409663,-4.2976264909797,8.5224572642902,1.1835448847985,-0.01620453031630795,-0.011515781872436565,0.06992781155941977
9.3155004424625,5.0124887337078,-6.8110619596325,-3.1918586251027,-0.01621090211310949,-0.011501308286596854,0.07022321337791958
9.3260004429612,0.22416342450795004,0.35239215074293,-0.37396508475032003,-0.016150898717858075,-0.011438312808790263,0.07028546425968603
9.3470004439587,-5.6426090918058005,10.621477326388,6.095810692648,-0.01605182999809395,-0.011383203402672478,0.07056193651199556
9.3785004454548,2.9314613548243,-3.1154442268117,-3.9376555769855,-0.01609769427755654,-0.011390190235755814,0.07075147955638314
9.3995004464523,3.6985059419406,-4.9717913703486,-0.08088474879440902,-0.016197909387915804,-0.011433444437793944,0.07107532042391397
9.410000446951,-2.7874727063429,7.9925903322423,2.1350719216317,-0.016306109493389623,-0.01150792048006032,0.07114326529616885
9.4310004479485,-2.4956720264231,8.7047542717057,3.8735303896618998,-0.016259804251251155,-0.011431632391268568,0.07122438354072146
9.4625004494446,5.7512825398874,-9.8758697491972,-6.5959522056681,-0.016332266951314848,-0.011495581364596169,0.07143481507805116
9.4835004504421,0.8120510929584202,-7.2377365268056,-0.07162472115236801,-0.016343132117833056,-0.011420132518388054,0.07201593595005391
9.494000450940801,-3.8987039266433,8.9230759840824,5.7593141187892,-0.01641196927595299,-0.011447086303926095,0.07222776296761838
9.5150004519382,-0.8840734309710601,0.6781690387490401,-1.1994993062518,-0.01643822714988575,-0.011440019620538965,0.07230958820358722
9.5465004534344,1.8273356723445002,-13.14883460578,-4.9305797540976,-0.0165168556082097,-0.01152928890605987,0.07270134048726049
9.567500454431901,3.72152394516,-3.6599363971652,-2.489189775049,-0.016509131215071592,-0.011460849447438436,0.0730164795595609
9.5780004549306,-5.9007527932302,7.0834068260134,6.1014107272262,-0.016546663422809416,-0.011430183475747166,0.07337914532624301
9.599000455928,-1.1986662587233001,4.4213895082970005,-0.63638951883272,-0.016558724830774228,-0.011449917826089565,0.0733935950797991
9.6305004574242,0.4148143066045701,-4.8493507320461005,-0.52434162566062,-0.016600573114754266,-0.011507412979399001,0.07389497011954185
9.6410004579229,-2.3105852014151003,0.28875604467238997,-1.6608694288030001,-0.01664726149998381,-0.01160243208199526,0.07407028415748268
9.6620004589204,-5.02759223699,11.635208850215001,5.7633827766516,-0.016592535025196125,-0.01148920486643774,0.07445177814785259
9.6830004599178,-2.3792835815343,8.0155197409958,1.7897088436586002,-0.016693765089188066,-0.011604125840420405,0.07444413065208194
9.714500461414,0.20808599750032006,0.6935956774871602,1.8815891779735001,-0.016683491402334008,-0.011581373453455807,0.0748949598173763
9.7250004619127,-4.863421739492,2.4148466857739,0.5367034182034401,-0.016760734273102304,-0.011666992511971756,0.07509822899297106
9.7460004629102,-1.886056765014,12.133571424287,3.9815170184707,-0.016686972457722233,-0.01155463608586328,0.07529270110130976
9.7670004639076,-3.592953463549,6.9832083634541995,3.2845259224627,-0.016756948958885624,-0.01163243115038038,0.0753739611611403
9.7985004654038,1.3259753622146002,1.4759190726826001,1.8592485910185002,-0.016666496918046836,-0.011532858053278,0.0758278469953848
9.8090004659025,-5.7155498265062,6.6665333596335,2.749760591039,-0.016711387353240688,-0.011589691821817896,0.07607773370744166
9.8300004668999,0.2605899033823001,9.8769908871828,2.1829642366191,-0.01667768887882357,-0.011528858995311246,0.07616977432382727
9.8510004678974,-5.5718480048565,5.4527499335931,4.215921209262,-0.016805148004877875,-0.011648617172138597,0.07639423657080932
9.8825004693936,2.2510904327372,-1.1231507439951,0.81907526333594,-0.016834146677963378,-0.01164589305066031,0.07695372073730747
9.8930004698923,-6.619369261393,9.3736787076852,4.140697747007,-0.016944688257697984,-0.01175642121251459,0.07714213704235194
9.9140004708897,0.10824796547709001,8.7158553715342,2.0895789160008,-0.01684300803857508,-0.011615071431885601,0.07724595168186434
9.9455004723859,6.5531786872204005,-10.242175929442,-6.0613902824586,-0.016864130782317063,-0.011646976421875047,0.07741971688836027
9.9665004733833,2.1460392250858,-1.2558125614970002,0.2839154296109401,-0.0168543204998085,-0.011607120994448276,0.07792999696550647
9.9770004738821,-6.0208113561987,10.103616183782,4.0108044604535,-0.016886495727788928,-0.011642015854416205,0.07812864891232739
9.9980004748795,0.2587457505353199,9.0607050971447,2.4500394596253,-0.016808002889023788,-0.011539943487908084,0.0781998617550702
10.029500476376,7.175444505244,-10.958630810711,-5.869803601373301,-0.016855406717771537,-0.01160224134544228,0.0784448419068316
10.040000476874,-1.087398306568,6.3317363837553,1.081074305584,-0.01683400867682339,-0.011572113275382434,0.07868743250241413
10.050500477373,2.0828628615794,-2.4337702671841,-0.52657215045377,-0.01689941361024262,-0.011592184014760499,0.07919068709674902
10.082000478869,0.12602578362306,10.613676095979,2.8222462613282,-0.016833469493187144,-0.011517574311749764,0.07926983074090248
10.113500480365,8.3291203334698,-10.319996985359,-5.9397690712809,-0.01682635403926891,-0.011517856647293366,0.07948668612581895
10.124000480864,-1.5917682404363,8.6029042720396,1.5947493331178002,-0.01680874021096123,-0.011485530774760356,0.07970555278871069
10.145000481862,-4.4713773303629,5.5578590321829004,2.4294399626022,-0.016821699419004986,-0.011471684360130045,0.07981945668651182
10.166000482859,-2.5525871275522998,13.469364222236,4.2207569831028,-0.016727601776700546,-0.01136720466477674,0.07998729161381754
10.197500484355,7.6676246639193,-7.0359026371045,-5.4002319940387,-0.016786020433680587,-0.011421413307043344,0.08023674845100143
10.208000484854,-3.5025885485621,10.868418087666,2.7355184935053,-0.01682732110796549,-0.011429261635372017,0.08052075238700333
10.229000485851,-1.9487243552840001,1.7060106168204001,1.5275514060338002,-0.016822845983831523,-0.011404549592719247,0.08067606028574245
10.250000486849,-4.7235112661332,14.886255350456,5.1783424604138,-0.016754834733061823,-0.011331383518022597,0.08080841617632256
10.281500488345,6.0075359450118,-4.7115931462981,-4.8111553828395,-0.016811495725052857,-0.011388661585801967,0.08111128806006679
10.292000488844,-5.4475616328522,9.9412106439557,3.2250941997775002,-0.016778655014729388,-0.011294755913372607,0.08136577471177882
10.313000489841,-1.2609224773021002,0.28656511636167004,1.5163056006469,-0.016714883836371007,-0.011220624659807856,0.08153015676643091
10.334000490839,-6.9696438148097,13.518087392775,5.0426538323057,-0.016745164894232917,-0.01124845843890143,0.08175887827248765
10.365500492335,3.5349526880252,-2.9416159495071,-4.1936479896122,-0.01676397298273364,-0.011244275787232473,0.0821110615856142
10.376000492834,-4.2345637302090005,8.6940868627045,3.9934168372925,-0.016867730505811925,-0.011286659080287807,0.08231048834306573
10.397000493831,-0.5105659627969098,1.502873078109,0.8768614896434102,-0.016833279483114545,-0.011257010932624783,0.08243125739150597
10.428500495327,5.1348038561707,-13.459183210347,-2.8842646887358,-0.016922114903290795,-0.011354141225662157,0.0828905491093586
10.449500496325,2.1331759152669,-5.2961642844474,-3.35121542598,-0.017016018799693826,-0.011392067209284791,0.08331433489332282
10.460000496823,-3.2196491575123,6.7541543932464005,5.3512285488728,-0.016957791736947777,-0.011267585856592507,0.08354342007133705
10.481000497821,-2.264669424033,7.0113473427795,0.6040574098812399,-0.016845249277648466,-0.011187329971341788,0.08358857772259169
10.512500499317,6.534168072039,-8.7239993943931,-5.6509327375894,-0.01689363832048901,-0.011257456253344662,0.08389481032218549
10.523000499816,-3.1360275405131,11.744247037185,0.45991991553714007,-0.016810173685479466,-0.011152918214863998,0.08399953345326812
10.533500500314,2.9113508162709003,-7.2046260969502,-0.47168706930968013,-0.01683248653401956,-0.011108626276829651,0.08441153230867171
10.565000501811,-4.4083146949423,11.583278501517,2.3871085429617,-0.016809177146306066,-0.011087195487348142,0.08456805869522363
10.596500503307,4.2578308070553,-2.4848283398817,-6.0447751112976,-0.016816302715400796,-0.011066135408237282,0.08474615885344595
10.607000503805,-2.7529945717314,6.7725676232607,3.6222143145676,-0.016932264768654257,-0.011090661948067957,0.0849960119021216
10.617500504304001,3.4359543107668,-6.4516794268217,2.170442186158,-0.016894819766472984,-0.011007916318850067,0.0853975116453362
10.6490005058,-4.8747925085982,11.473411705091,5.9304386825037,-0.01691302568503531,-0.010997129915391538,0.08571107772646169
10.680500507297,2.9866367263151,-5.4450125301654,-3.1213523282853,-0.016917138177077636,-0.010909421702282443,0.08610919005329896
10.691000507795,-4.0074146711931,8.334541637268,8.4730223165296,-0.016830471054265942,-0.010760076830870192,0.08637703310493909
10.712000508793,-3.4320213587765,5.9278336217898,-0.7188671794234701,-0.016730575877757888,-0.010689127352091113,0.08643898163599997
10.73300050979,-3.7752723948419,2.8058826321537,3.8041314003614,-0.016798932608463664,-0.010752473386345943,0.08675850486381209
10.764500511286,3.4636525195813,-5.869455736135301,2.980736059106,-0.016846595562989067,-0.010732517572537152,0.08725143155044894
10.775000511785,-2.7833442204632,4.8244449868052,3.2227216150919,-0.016819884302472773,-0.01074175268223413,0.08735623734711014
10.796000512782,-3.117321036645,12.865307585976,5.0981734636181,-0.016806570053948644,-0.01071169861630598,0.08767704429061102
10.81700051378,-0.9676087685115201,3.8824174805976,-2.4537325335643,-0.016872627663645706,-0.01080560454015419,0.0876327760606113
10.848500515276,3.3596229417957,-9.23040695825,-1.5330572686564001,-0.016967091445232185,-0.010909674257973935,0.08798690896799387
10.859000515775,-2.9994850085072,2.4382470459849,-2.4851169466177,-0.01694429814845011,-0.010939008217073894,0.08802423553314709
10.880000516772,-5.6182854933855,7.4912294103129,6.1647131994559,-0.017027165773986715,-0.011015422490457458,0.08839514430651481
10.901000517770001,-0.61886514397797,10.298710006171,-0.13060500636814,-0.016938577989496707,-0.010894866617179554,0.08845813562870226
10.932500519266,3.6498614849371,-11.764008730446001,-8.4318757416273,-0.016864397134961497,-0.01089127823223478,0.08871153490512167
10.943000519765,-2.6909419482266,11.888316392197,4.0950580473763,-0.016785555712343567,-0.010808366302655446,0.08896714094164178
10.964000520762,-2.5683940679951,0.7124079064081601,-2.7162524925553,-0.01686051425925036,-0.0109023157248048,0.08895644891008969
10.995500522258,2.8416086166942005,-10.21184098815,-1.6898388716267,-0.016992607211564505,-0.01105613540168981,0.08928497108310576
11.016500523256,4.0732649262057,-2.4324430260717,-1.5519132479523,-0.017017342035328165,-0.011057512599553395,0.08980757692584176
11.027000523754,-5.7456588039328,9.2837872927269,6.1970309927938,-0.017128180144913626,-0.01111832647132205,0.09019008330592093
11.048000524752,-0.44226188454876003,11.355756586153,1.1721074763728,-0.017095881289733952,-0.011009549784527086,0.09025633559085941
11.079500526248,3.8795782126610003,-11.709464536052,-8.2962121787705,-0.01705799722037701,-0.011031030051502279,0.09044366413488583
11.100500527245,0.47433818745698003,-3.9562357033086,0.5115578440586599,-0.017149768489544984,-0.011092483917810293,0.09093196688500552
11.111000527744,-1.6875836885416,-0.7468944317456001,-3.3599053722294,-0.017260727912119272,-0.011213658978537289,0.09097164500876725
11.132000528742,-5.3547241877505005,10.204962751352,9.5868903235301,-0.017221416895278112,-0.01112220732620212,0.09139085145363013
11.163500530238,3.4072918142327,-0.32801132191809007,-0.7921392821593701,-0.017093784571682757,-0.010929390855053865,0.09202653184284233
11.174000530737,-5.9203545836318,8.0479753561289,5.2376595385527,-0.016957469056474286,-0.01072179913343977,0.09230633724935303
11.195000531734,-3.3054327123191003,11.921491113561,2.1541832994667,-0.016589575868307175,-0.00995252246466952,0.09249086929470986
11.216000532731,-118.05105112502,-171.23760946378,-49.765991122272,-0.0026021022644256743,-0.002369020812431519,0.08923082385191111
11.247500534228,-65.557450648085,165.99120121611,-53.717219700378,0.06570778474844934,0.05498981702122849,0.051909449431904606
11.258000534726,-211.0810620725,201.64555980753,57.484808988294,0.12374838747492434,0.09953635354840551,0.025056701388348108
11.279000535724,-124.76187787599,42.744029827086,-22.605154931606002,0.17204763260335834,0.13495620231608102,0.011796748123470605
11.300000536721,-221.58289626779,-123.76746984802,185.42247201119,0.15779613468198284,0.12241972015956351,-0.0015156424671983956
11.331500538217,45.433286152737,118.86795382395,32.564295078491,0.13426337105113884,0.0999108592738675,-0.0024003429733352464
11.342000538716,54.241924178323,110.91518013681,-36.574262093205,0.09299484151687083,0.0621815136941985,0.008399902155923757
11.363000539714,-51.196779800239,-139.44226104656,-14.618577011192,0.05087685981080482,0.022510987908544,0.024305765146238258
11.384000540711,34.188934117299,-78.952523097835,-20.862253367082,0.02606888249584332,-0.0006270508392035058,0.03194077807868976
11.415500542207,-11.362463867742001,101.42843923132,-16.569124144997,-0.004774383771362686,-0.02537437510813251,0.04418838740285326
11.426000542706,8.7700872769,62.299509046206,-4.4151751170004,-0.040184589323230185,-0.05413230624829102,0.05999511367672576
11.447000543703,3.7266661782336,-156.44111662411,-6.2413474945219,-0.0737831740795117,-0.08576877098029453,0.07009432007128276
11.478500545199001,16.294316484298,59.330748858648,-4.9605006429478,-0.1026378133431677,-0.11334391859690753,0.07453133738432396
11.499500546197,-1.318592920294,93.572359143449,10.635347546997,-0.1438160192218022,-0.14714952825864552,0.08818443041037446
11.510000546696,17.920059504897,7.7830344519278,-8.9788958100495,-0.1820492015989892,-0.17785260927065202,0.11018677826471197
11.531000547693,-6.0736471983902,-119.41104647611,1.1477044351549002,-0.21621088130273922,-0.20772833350718953,0.11923212148668097
11.562500549189,-11.102139502596,68.041970688967,20.032190462926,-0.24373335271016822,-0.23310731917167554,0.12867649083995697
11.583500550187,6.2981060979285,36.606618681066,-12.009451742184,-0.28043213647753173,-0.26398708391288905,0.14563549321912297
11.594000550685,14.051081653073,-74.874596448859,-13.864897692313,-0.3117663698634812,-0.2887058225302421,0.165104323450192
11.615000551683,0.37126196667343003,-92.254660487862,-5.2095431557089,-0.3420713883382827,-0.31544354230122457,0.1712489529024245
11.646500553179001,11.580387445486,86.165933222193,-6.8351520995401,-0.35826797797656923,-0.32554453842689557,0.180039274907077
11.667500554177,38.386147283223,-18.587362538413,-7.561217099465,-0.36620279742610673,-0.32723825472860707,0.191046639211698
11.678000554675,22.310393734322002,-87.423390671333,-5.044364184754,-0.36263416768633394,-0.31817279678706706,0.1971677356713155
11.699000555673,36.986310155026,-21.735435074716,-40.849783276672,-0.3496902466124994,-0.30448432162331657,0.18944780254026852
11.730500557169,-10.454011153532,88.216053804552,27.532466813342,-0.3288075280240224,-0.2759207136080501,0.19020103707986177
11.751500558166,19.5887894954,-67.062020596971,-38.21532971672,-0.29902904872490044,-0.23869893894305907,0.18971927875006503
11.762000558665001,1.0800328795949,-99.826744537742,27.621160326533,-0.2609238584785154,-0.19454118176848056,0.18441068082594653
11.783000559662,3.3700772756973,36.889985668523,-5.965720275755,-0.2238117501491114,-0.15755358314526755,0.16401445535310452
11.814500561159,2.1607430315131,23.232010207307,36.486154173566,-0.18794018035828539,-0.11805481188924655,0.15551021990633002
11.835500562156,28.784823805718,-115.10718491321,-28.156262747971,-0.15091143298675588,-0.07996741790136355,0.14414449788267852
11.846000562655,6.4589079761919,-71.013346093214,-10.289894069303,-0.11158404634502188,-0.041101725369389545,0.13016147308356002
11.867000563652,8.7251550514258,87.237695315716,30.489215308605,-0.07554264998202137,-0.00867600224593254,0.11747187313479351
11.898500565148,7.5220961698467,-22.612578141608,9.562046603348,-0.04716462511218286,0.01458914127326947,0.12137450495352527
11.919500566146,12.331224517349,-95.785038176347,10.347048865939,-0.01701418797944935,0.03692120028074097,0.11913026174700161
11.930000566645,-21.476916146372,-16.619791573491,11.784967886337,0.013561062093311153,0.058836404607974485,0.11453139238836732
11.951000567642,-24.762538847639,112.13528535141,22.814575211319,0.03481946348213015,0.07169047570164198,0.11976052602274882
11.982500569138,13.103504027408,-43.047365990402,-38.755226268756,0.036803806891386154,0.06625927836644799,0.12298159138667378
11.993000569637,-24.303371181678,-54.532000953523,-14.048328643746,0.03601111996892441,0.05878662133106098,0.12024159123967752
12.014000570634,-18.459037039251,54.157598619332,12.036089591672,0.025454593358552408,0.044570768664538976,0.10418569794415052
12.045500572131001,-2.3865921872367,32.813794702855,10.449949232995,0.0028853447025278985,0.02761971808951847,0.09730660397713202
12.066500573128,6.840621119017,-89.750464928239,-19.470475896185,-0.016505495947959612,0.013668504078343966,0.08486621878431051
12.077000573627,0.15121620828787005,-69.929435911381,-16.764367134972,-0.028690947286829617,0.0067316786142424655,0.068676163838344
12.098000574624,5.7580654050077005,46.198567705626,6.9010384917914,-0.041004947875222617,-0.002047950487662535,0.050069080378404
12.12950057612,14.251748884233,-22.647489249719,-2.6099830052864,-0.05292130635858812,-0.009331506973453033,0.040708063801080496
12.150500577118,8.646599475859901,-81.719815306681,-2.5482071370407002,-0.061186331993312124,-0.013480344950695135,0.02593976265545949
12.161000577617,6.7378708069203,-29.066601625551,0.7098107533555301,-0.06565638986302877,-0.015014594678114786,0.008461738194527984
12.182000578614,9.654715755638,68.131361070429,5.3042081327968,-0.07074830562700476,-0.018702530512601935,-0.004909098987620021
12.21350058011,1.0770641996429,-55.091232901918,9.543236160407,-0.07483086896162391,-0.023712747102197437,-0.013437766618855021
12.234500581108,7.9298344811570995,-60.828488944012,-12.228000533029,-0.07362895286064891,-0.024572127714423388,-0.028874770552294024
12.245000581606,1.2471874211527,12.907640810855,1.4358346611355002,-0.0722367022909576,-0.025354292670377688,-0.04413311159778353
12.266000582604,4.9286794020156,63.614716969881,-0.7887515414667801,-0.07342736247123416,-0.027531195264244388,-0.05487990083447703
12.2975005841,12.696249481278,-73.698116482877,-3.8285575739361,-0.0706250528540948,-0.028731000849667787,-0.06482618469229204
12.318500585097,12.812812027526,-21.174762926029,-11.333758813119001,-0.0627949903890063,-0.027086439992021635,-0.08129871078558855
12.329000585596,-0.8795854929990201,38.088795984243,3.2453909426559,-0.05427754904844679,-0.024071611244201634,-0.09601396925177906
12.350000586594,0.24053494672306003,41.331069900756,6.7999888742685,-0.04501359781976129,-0.018489500322440133,-0.10627530262984256
12.38150058809,17.560887824811,-70.600301314672,-5.4649655360712,-0.028734347415162786,-0.008593640435206629,-0.12001222705434406
12.402500589087,18.702850858845,7.0066693442068,-9.361170654213801,-0.007647709841303786,0.0037360538795823735,-0.13680710375081706
12.413000589586,-11.520562605919,66.98917945053,15.683154075664,0.01394410314282922,0.016965843987279877,-0.15580397976180307
12.434000590583,-14.134854449784,34.498824821053,10.16950269523,0.030548159832582727,0.02884445650686588,-0.15981613864806413
12.465500592079,4.8927482908974005,-31.801316469084,-8.1710458394448,0.032732799373964075,0.03048267292847833,-0.16444506166368844
12.486500593077,-13.38050798401,64.614365095061,35.331853954954,0.03129075550798353,0.02899919445802153,-0.16675913236603393
12.497000593576,-3.8249332782429,74.537214037218,13.267040727277,0.019178906446113524,0.01901305252759003,-0.16437871409119953
12.528500595072,1.2337505581702,-62.04953816149,-4.8223701448574,0.005284638719953022,0.010351020284544026,-0.15649261825237754
12.549500596069,7.1250316840568,-16.389158315511,-4.2425082422121,-0.003945021308467982,0.006235969043655075,-0.1525627923403273
12.560000596568,15.195453215755,34.024151543526,-6.8392314467165995,-0.013951908310677484,0.0013446067466081225,-0.1475194821947153
12.581000597565,-1.9300668201885,26.299747949138,4.1432770484133,-0.021248034129505485,-0.0018996710440540784,-0.1364122979215003
12.612500599062,23.863181379068,-66.524314686051,-17.259839318709,-0.021935405887515434,-0.0023353563376889534,-0.1295026862636498
12.633500600059,17.672478710432,11.102982652183,-8.6450420503754,-0.020622891428281533,-0.0005775470893337031,-0.1238808744327058
12.644000600558,-7.4207855788178,46.423660147126,0.96645069372202,-0.01775673673271548,0.003447494982869998,-0.1153028894398313
12.665000601555,-2.728900558196,6.6255869062326,12.70030104414,-0.013422759457419529,0.009050300648605498,-0.1024726364459918
12.696500603051,10.381283651684,-42.083209378466,-6.1204877029902,-0.005315831074144529,0.0134696728913726,-0.09533986007557131
12.717500604049,6.4882116393781,18.955200135981,7.9333195003711,0.0027353332108944733,0.0179077298279595,-0.08882421167117281
12.728000604548,-0.48095731078971005,52.513820772147,10.202525887326,0.007573541140566525,0.0203572802398445,-0.07966542412839431
12.749000605545,-7.1624221724758,4.1448051081734,-6.7050276081604,0.012431896771099077,0.024635101724842103,-0.0694037722210843
12.780500607041,3.9579709098297,-12.02094607831,-13.370339802083,0.01987270668739508,0.030598560992216604,-0.06933019583135541
12.801500608039,-4.4259889277199,46.275392429,6.4356094827694,0.02255116438544488,0.032885078202446606,-0.06947268363884163
12.812000608537,-11.945113222456,42.317823496577,13.456592095915,0.020265207362007428,0.03170736899053406,-0.06972125905241001
12.833000609535,3.4872596927455,-20.055426543663,1.6879521680997,0.012669105951223428,0.027330862996420804,-0.07025899464366711
12.864500611031,14.300263864899,15.983730211537,-6.4170299551366,0.005846264359833925,0.021118869235764802,-0.07566499995866362
12.885500612028,-1.6651532943678,21.239660326305,14.243413329908,0.0002170338621564228,0.015614883120684299,-0.08073228668808212
12.896000612527,7.9812821708346,3.0751301923553,4.8262126935356005,-0.008599771018910579,0.007235878632710796,-0.08427725377181047
12.917000613525,9.140519953894,-42.248102327782,-13.664712709282,-0.006969568333633478,0.008570500342378247,-0.08933095925058447
12.948500615021,10.746709034006,14.197018384856,-12.978051105487,-0.0036292151929986785,0.011653903453825748,-0.09523995898767247
12.959000615519,14.652627224207,44.930529656821,-6.4031799424638,0.002214317054124823,0.0164080557527937,-0.09875900043092062
12.980000616517,8.6924474015999,-7.1061494519865,9.8731306767796,0.0075722354436163234,0.0199154685349171,-0.10050089087669536
13.001000617514,-7.1968486554512,-12.603267033548,8.8179473369702,0.009841046915539975,0.0210916909147411,-0.10269067968794042
13.032500619011,9.920103754651,28.243449327391,0.41116184606097,0.007968047617741924,0.019598992893392647,-0.10077420754291887
13.043000619509,-5.3151625941729,29.23776609345,5.8593076569091,0.003262130809366574,0.015571445507305895,-0.09677760646624231
13.064000620507,-10.419071144291,-29.725663054663,-1.1698292246757,0.0018377690315650235,0.014215980809440944,-0.09475733685371296
13.095500622003,-157.55427814757,-43.556785668749,38.137026299747,0.006212554380335276,0.017791464406407945,-0.11075283567910546
13.116500623,-65.27958758115,88.363527360898,-4.6464290386809,0.008321468679930326,0.020109549626707045,-0.12479596992093697
13.127000623499,-43.628910681539,82.693396136825,19.849702386881,0.009949976916609328,0.019496088183705993,-0.13665932310805098
13.148000624496,9.5957737368269,-1.0653840186083,1.3072897759546,0.003556854171337826,0.008283116225602988,-0.14526770405828698
13.179500625993,-2.0268786466498,19.984966136565,9.0501356928618,0.0031708169247796508,0.004604075832558337,-0.1561193999345345
13.190000626491,5.9967047463822,83.816225548039,10.631188405013,0.0009070746377987998,0.00024622021259203784,-0.162700362447654
13.20050062699,7.0491253297605,80.411129494774,-4.637741314550301,-0.003698258005635703,-0.004428337878306213,-0.16816286146030002
13.232000628486,-14.24507851046,-66.934810561675,17.022486849813,-0.006803607545045604,-0.005418495689785113,-0.16147686935858452
13.263500629982,12.997958106711,40.981816189286,-11.055778458556,-0.009502873109319604,-0.004714867907771963,-0.15615308969229352
13.274000630481,-2.1726198617217,66.821057865397,7.7319602412943,-0.013042754181011855,-0.0036472912563118623,-0.14977565010200353
13.295000631479,12.549465309204,13.91789941064,-9.7756739121678,-0.020539203689041358,-0.006394307064142363,-0.13806214296795802
13.316000632476,17.476523675451,-74.794519197927,-14.888849898628001,-0.02512938168057366,-0.007742728559356314,-0.1331448644233161
13.347500633972,25.685299761721,58.181083008572,-10.041431278747,-0.027153341889112358,-0.007604459538045069,-0.12950832744451354
13.358000634471,-3.4342984988899,57.276106404391,6.0310228532749,-0.02949686317691451,-0.006595904160245168,-0.12320026841559253
13.379000635468,9.1388836303634,-24.833315890683,10.397617551626,-0.030904939525927058,-0.0044167072326515185,-0.11208230110444403
13.400000636466,15.043400128225,-66.709018302968,-21.277008654727,-0.025764338657546557,0.0006475718130224831,-0.11011472683042983
13.431500637962,11.38745477612,69.88334851506,-0.60356719250227,-0.015558669253316554,0.006762687570910483,-0.10555022331270808
13.442000638461,4.3041045330426,54.972402107118,-2.7808949197051,-0.007339662961290553,0.010982043281225484,-0.09786154818138358
